<?xml version="1.0" encoding="utf-8"?>
<ApplicationInstallerManifest>
   <DefaultInstallationDirectory>/Applications/LIQ_HD_Anaylsis/</DefaultInstallationDirectory>
   <ApplicationName>LIQ_HD_Anaylsis</ApplicationName>
   <ExecutableName>application/LIQ_HD_Anaylsis.exe</ExecutableName>
   <GUID>031f0bb1-ae11-4029-bc4a-069fbed2fba9</GUID>
   <ApplicationIcon>icon_48.png</ApplicationIcon>
   <Logo>logo4270887876292445833.tmp</Logo>
   <Version>1.0</Version>
   <InstallationNotes>In the following directions, replace MR/v99 by the directory on the target machine where MATLAB is installed, or MR by the directory where the MATLAB Runtime is installed.

If the environment variable DYLD_LIBRARY_PATH is undefined, set it to the following string:

MR/v99/runtime/maci64:MR/v99/sys/os/maci64:MR/v99/bin/maci64

If it is defined, set it to the following:

${DYLD_LIBRARY_PATH}:MR/v99/runtime/maci64:MR/v99/sys/os/maci64:MR/v99/bin/maci64
</InstallationNotes>
   <AuthorOrganization>Vanderbilt University - Winder Lab</AuthorOrganization>
   <Summary>Desktop application to process, analyze, and export data from the LIQ HD (Lick Instance Quantifier Home cage Device) System.</Summary>
   <WelcomePanelText>LIQ_HD_Anaylsis 1.0
Desktop application to process, analyze, and export data from the LIQ HD (Lick Instance Quantifier Home cage Device) System.

Copywrite (c) 2023 Nicholas Petersen, Winder Lab

Nicholas Petersen
nicholas.petersen@vanderbilt.edu</WelcomePanelText>
   <MCRProducts>
      <MCRProduct>
         <ExternalProductIdentifier>35000</ExternalProductIdentifier>
      </MCRProduct>
      <MCRProduct>
         <ExternalProductIdentifier>35010</ExternalProductIdentifier>
      </MCRProduct>
      <MCRProduct>
         <ExternalProductIdentifier>35106</ExternalProductIdentifier>
      </MCRProduct>
      <MCRProduct>
         <ExternalProductIdentifier>35108</ExternalProductIdentifier>
      </MCRProduct>
      <MCRProduct>
         <ExternalProductIdentifier>35112</ExternalProductIdentifier>
      </MCRProduct>
      <MCRProduct>
         <ExternalProductIdentifier>35117</ExternalProductIdentifier>
      </MCRProduct>
      <MCRProduct>
         <ExternalProductIdentifier>35119</ExternalProductIdentifier>
      </MCRProduct>
      <MCRProduct>
         <ExternalProductIdentifier>35178</ExternalProductIdentifier>
      </MCRProduct>
      <MCRProduct>
         <ExternalProductIdentifier>35180</ExternalProductIdentifier>
      </MCRProduct>
   </MCRProducts>
</ApplicationInstallerManifest>