<?xml version="1.0" encoding="utf-8"?>
<toolset id="plot_toolset" template="true">
   <tool id="favorites" quick_access_eligible="false" toolset_id="plot_toolset" type="group">
      <child_tool id="plot" toolset_id="coreplots_toolset"/>
      <child_tool id="plot_multiseries" toolset_id="coreplots_toolset"/>
      <child_tool id="plot_multiseriesfirst" toolset_id="coreplots_toolset"/>
      <child_tool id="bar" toolset_id="coreplots_toolset"/>
      <child_tool id="scatter" toolset_id="coreplots_toolset"/>
      <child_tool id="pie" toolset_id="coreplots_toolset"/>
      <child_tool id="histogram" toolset_id="coreplots_toolset"/>
      <child_tool id="contour" toolset_id="coreplots_toolset"/>
      <child_tool id="surf" toolset_id="coreplots_toolset"/>
      <child_tool id="mesh" toolset_id="coreplots_toolset"/>
      <child_tool id="area" toolset_id="coreplots_toolset"/>
   </tool>
   <tool id="category_3dsurf" quick_access_eligible="false" toolset_id="plot_toolset" type="group">
      <child_tool id="surf" toolset_id="coreplots_toolset"/>
      <child_tool id="surfc" toolset_id="coreplots_toolset"/>
      <child_tool id="surfl" toolset_id="coreplots_toolset"/>
      <child_tool id="mesh" toolset_id="coreplots_toolset"/>
      <child_tool id="meshc" toolset_id="coreplots_toolset"/>
      <child_tool id="meshz" toolset_id="coreplots_toolset"/>
      <child_tool id="waterfall" toolset_id="coreplots_toolset"/>
      <child_tool id="ribbon" toolset_id="coreplots_toolset"/>
      <child_tool id="contour3" toolset_id="coreplots_toolset"/>
   </tool>
   <tool id="category_vector" quick_access_eligible="false" toolset_id="plot_toolset" type="group">
      <child_tool id="feather" toolset_id="coreplots_toolset"/>
      <child_tool id="compass" toolset_id="coreplots_toolset"/>
      <child_tool id="quiver" toolset_id="coreplots_toolset"/>
      <child_tool id="quiver3" toolset_id="coreplots_toolset"/>
      <child_tool id="streamslice" toolset_id="coreplots_toolset"/>
      <child_tool id="streamline" toolset_id="coreplots_toolset"/>
   </tool>
   <tool id="category_modelVisualization" quick_access_eligible="false" toolset_id="plot_toolset" type="group"/>
   <tool id="category_stats" quick_access_eligible="false" toolset_id="plot_toolset" type="group">
      <child_tool id="boxplot" toolset_id="stats_toolset"/>
      <child_tool id="ecdf" toolset_id="stats_toolset"/>
      <child_tool id="histfit" toolset_id="stats_toolset"/>
      <child_tool id="ksdensity" toolset_id="stats_toolset"/>
      <child_tool id="probplot" toolset_id="stats_toolset"/>
      <child_tool id="weibull" toolset_id="stats_toolset"/>
      <child_tool id="qqplot" toolset_id="stats_toolset"/>
      <child_tool id="gscatter" toolset_id="stats_toolset"/>
      <child_tool id="hist3" toolset_id="stats_toolset"/>
      <child_tool id="scatterhist" toolset_id="stats_toolset"/>
      <child_tool id="gplotmatrix" toolset_id="stats_toolset"/>
      <child_tool id="parallelcoords" toolset_id="stats_toolset"/>
      <child_tool id="andrewsplot" toolset_id="stats_toolset"/>
      <child_tool id="glyphplot" toolset_id="stats_toolset"/>
      <child_tool id="facesglyphplot" toolset_id="stats_toolset"/>
      <child_tool id="controlchart" toolset_id="stats_toolset"/>
      <child_tool id="dendrogram" toolset_id="stats_toolset"/>
      <child_tool id="residproblm" toolset_id="stats_toolset"/>
      <child_tool id="residhistlm" toolset_id="stats_toolset"/>
      <child_tool id="residfittedlm" toolset_id="stats_toolset"/>
      <child_tool id="slicelm" toolset_id="stats_toolset"/>
      <child_tool id="effects" toolset_id="stats_toolset"/>
   </tool>
   <tool id="category_stemstair" quick_access_eligible="false" toolset_id="plot_toolset" type="group">
      <child_tool id="stem" toolset_id="coreplots_toolset"/>
      <child_tool id="stairs" toolset_id="coreplots_toolset"/>
      <child_tool id="stem3" toolset_id="coreplots_toolset"/>
   </tool>
   <tool id="category_image" quick_access_eligible="false" toolset_id="plot_toolset" type="group">
      <child_tool id="image" toolset_id="coreplots_toolset"/>
      <child_tool id="imagesc" toolset_id="coreplots_toolset"/>
      <child_tool id="pcolor" toolset_id="coreplots_toolset"/>
      <child_tool id="imshow" toolset_id="coreplots_toolset"/>
      <child_tool id="heatmap" toolset_id="coreplots_toolset"/>
   </tool>
   <tool id="category_polar" quick_access_eligible="false" toolset_id="plot_toolset" type="group">
      <child_tool id="polar" toolset_id="coreplots_toolset"/>
      <child_tool id="rose" toolset_id="coreplots_toolset"/>
      <child_tool id="compass" toolset_id="coreplots_toolset"/>
   </tool>
   <tool id="category_scatter" quick_access_eligible="false" toolset_id="plot_toolset" type="group">
      <child_tool id="scatter" toolset_id="coreplots_toolset"/>
      <child_tool id="scatter3" toolset_id="coreplots_toolset"/>
      <child_tool id="spy" toolset_id="coreplots_toolset"/>
      <child_tool id="plotmatrix" toolset_id="coreplots_toolset"/>
   </tool>
   <tool id="category_signal_filterAnalysis" quick_access_eligible="false" toolset_id="plot_toolset" type="group">
      <child_tool id="fvtool" toolset_id="signal_toolset"/>
      <child_tool id="fvtoolmag" toolset_id="signal_toolset"/>
      <child_tool id="fvtoolphase" toolset_id="signal_toolset"/>
      <child_tool id="fvtoolmagphase" toolset_id="signal_toolset"/>
      <child_tool id="fvtoolgrpdelay" toolset_id="signal_toolset"/>
      <child_tool id="fvtoolphdelay" toolset_id="signal_toolset"/>
      <child_tool id="fvtoolimpulse" toolset_id="signal_toolset"/>
      <child_tool id="fvtoolstep" toolset_id="signal_toolset"/>
      <child_tool id="fvtoolpolezero" toolset_id="signal_toolset"/>
      <child_tool id="fvtoolfiltcoef" toolset_id="signal_toolset"/>
      <child_tool id="fvtoolfiltinfo" toolset_id="signal_toolset"/>
      <child_tool id="freqs" toolset_id="signal_toolset"/>
      <child_tool id="impz" toolset_id="signal_toolset"/>
      <child_tool id="stepz" toolset_id="signal_toolset"/>
      <child_tool id="freqz" toolset_id="signal_toolset"/>
      <child_tool id="grpdelay" toolset_id="signal_toolset"/>
      <child_tool id="phasedelay" toolset_id="signal_toolset"/>
      <child_tool id="phasez" toolset_id="signal_toolset"/>
      <child_tool id="zerophase" toolset_id="signal_toolset"/>
      <child_tool id="zplane" toolset_id="signal_toolset"/>
   </tool>
   <tool id="category_histogram" quick_access_eligible="false" toolset_id="plot_toolset" type="group">
      <child_tool id="histogram" toolset_id="coreplots_toolset"/>
      <child_tool id="histogram2" toolset_id="coreplots_toolset"/>
      <child_tool id="rose" toolset_id="coreplots_toolset"/>
   </tool>
   <tool id="category_signal_windowVis" quick_access_eligible="false" toolset_id="plot_toolset" type="group">
      <child_tool id="wvtool" toolset_id="signal_toolset"/>
   </tool>
   <tool id="category_pie" quick_access_eligible="false" toolset_id="plot_toolset" type="group">
      <child_tool id="pie" toolset_id="coreplots_toolset"/>
      <child_tool id="pie3" toolset_id="coreplots_toolset"/>
   </tool>
   <tool id="category_map_geodata" quick_access_eligible="false" toolset_id="plot_toolset" type="group"/>
   <tool id="category_contour" quick_access_eligible="false" toolset_id="plot_toolset" type="group">
      <child_tool id="contour" toolset_id="coreplots_toolset"/>
      <child_tool id="contourf" toolset_id="coreplots_toolset"/>
      <child_tool id="contour3" toolset_id="coreplots_toolset"/>
   </tool>
   <tool id="category_analytic" quick_access_eligible="false" toolset_id="plot_toolset" type="group">
      <child_tool id="ezplot" toolset_id="coreplots_toolset"/>
      <child_tool id="ezplot3" toolset_id="coreplots_toolset"/>
      <child_tool id="ezpolar" toolset_id="coreplots_toolset"/>
      <child_tool id="ezcontour" toolset_id="coreplots_toolset"/>
      <child_tool id="ezcontourf" toolset_id="coreplots_toolset"/>
      <child_tool id="ezsurf" toolset_id="coreplots_toolset"/>
      <child_tool id="ezsurfc" toolset_id="coreplots_toolset"/>
      <child_tool id="ezmesh" toolset_id="coreplots_toolset"/>
      <child_tool id="ezmeshc" toolset_id="coreplots_toolset"/>
      <child_tool id="wordcloud" toolset_id="coreplots_toolset"/>
      <child_tool id="scatterhistogram" toolset_id="coreplots_toolset"/>
      <child_tool id="parallelplot" toolset_id="coreplots_toolset"/>
   </tool>
   <tool id="category_geographic" quick_access_eligible="false" toolset_id="plot_toolset" type="group">
      <child_tool id="geoplot" toolset_id="coreplots_toolset"/>
      <child_tool id="geoscatter" toolset_id="coreplots_toolset"/>
      <child_tool id="geobubble" toolset_id="coreplots_toolset"/>
   </tool>
   <tool id="category_dsp" quick_access_eligible="false" toolset_id="plot_toolset" type="group"/>
   <tool id="plots" quick_access_eligible="false" toolset_id="plot_toolset" type="gallery">
      <child_tool id="favorites" toolset_id="plot_toolset"/>
      <child_tool id="category_line" toolset_id="plot_toolset"/>
      <child_tool id="category_stemstair" toolset_id="plot_toolset"/>
      <child_tool id="category_bar" toolset_id="plot_toolset"/>
      <child_tool id="category_scatter" toolset_id="plot_toolset"/>
      <child_tool id="category_graph" toolset_id="plot_toolset"/>
      <child_tool id="category_pie" toolset_id="plot_toolset"/>
      <child_tool id="category_histogram" toolset_id="plot_toolset"/>
      <child_tool id="category_polar" toolset_id="plot_toolset"/>
      <child_tool id="category_geographic" toolset_id="plot_toolset"/>
      <child_tool id="category_contour" toolset_id="plot_toolset"/>
      <child_tool id="category_image" toolset_id="plot_toolset"/>
      <child_tool id="category_3dsurf" toolset_id="plot_toolset"/>
      <child_tool id="category_volumetrics" toolset_id="plot_toolset"/>
      <child_tool id="category_vector" toolset_id="plot_toolset"/>
      <child_tool id="category_analytic" toolset_id="plot_toolset"/>
      <child_tool id="category_control" toolset_id="plot_toolset"/>
      <child_tool id="category_curvefit" toolset_id="plot_toolset"/>
      <child_tool id="category_dsp" toolset_id="plot_toolset"/>
      <child_tool id="category_finance" toolset_id="plot_toolset"/>
      <child_tool id="category_imageProcessing" toolset_id="plot_toolset"/>
      <child_tool id="category_map_projectedXY" toolset_id="plot_toolset"/>
      <child_tool id="category_map_geodata" toolset_id="plot_toolset"/>
      <child_tool id="category_signal_filterAnalysis" toolset_id="plot_toolset"/>
      <child_tool id="category_signal_windowVis" toolset_id="plot_toolset"/>
      <child_tool id="category_signal_spectralEst" toolset_id="plot_toolset"/>
      <child_tool id="category_stats" toolset_id="plot_toolset"/>
      <child_tool id="category_parametricModel" toolset_id="plot_toolset"/>
      <child_tool id="category_nonParametricModel" toolset_id="plot_toolset"/>
      <child_tool id="category_modelVisualization" toolset_id="plot_toolset"/>
      <child_tool id="category_modelSimulation" toolset_id="plot_toolset"/>
   </tool>
   <tool id="category_control" quick_access_eligible="false" toolset_id="plot_toolset" type="group"/>
   <tool id="category_parametricModel" quick_access_eligible="false" toolset_id="plot_toolset" type="group"/>
   <tool id="category_modelSimulation" quick_access_eligible="false" toolset_id="plot_toolset" type="group"/>
   <tool id="category_imageProcessing" quick_access_eligible="false" toolset_id="plot_toolset" type="group">
      <child_tool id="imtoolplot" toolset_id="image_toolset"/>
      <child_tool id="implayplot" toolset_id="image_toolset"/>
   </tool>
   <tool id="category_signal_spectralEst" quick_access_eligible="false" toolset_id="plot_toolset" type="group">
      <child_tool id="cpsd" toolset_id="signal_toolset"/>
      <child_tool id="mscohere" toolset_id="signal_toolset"/>
      <child_tool id="periodogram_psd" toolset_id="signal_toolset"/>
      <child_tool id="periodogram_msp" toolset_id="signal_toolset"/>
      <child_tool id="pwelch_psd" toolset_id="signal_toolset"/>
      <child_tool id="pwelch_msp" toolset_id="signal_toolset"/>
      <child_tool id="pmtm" toolset_id="signal_toolset"/>
      <child_tool id="pburg" toolset_id="signal_toolset"/>
      <child_tool id="pcov" toolset_id="signal_toolset"/>
      <child_tool id="pmcov" toolset_id="signal_toolset"/>
      <child_tool id="pyulear" toolset_id="signal_toolset"/>
      <child_tool id="peig" toolset_id="signal_toolset"/>
      <child_tool id="pmusic" toolset_id="signal_toolset"/>
      <child_tool id="spectrogram" toolset_id="signal_toolset"/>
      <child_tool id="tfestimate" toolset_id="signal_toolset"/>
      <child_tool id="strips" toolset_id="signal_toolset"/>
   </tool>
   <tool id="category_map_projectedXY" quick_access_eligible="false" toolset_id="plot_toolset" type="group"/>
   <tool id="category_volumetrics" quick_access_eligible="false" toolset_id="plot_toolset" type="group">
      <child_tool id="slice" toolset_id="coreplots_toolset"/>
   </tool>
   <tool id="category_finance" quick_access_eligible="false" toolset_id="plot_toolset" type="group"/>
   <tool id="category_line" quick_access_eligible="false" toolset_id="plot_toolset" type="group">
      <child_tool id="plot" toolset_id="coreplots_toolset"/>
      <child_tool id="plot_multiseries" toolset_id="coreplots_toolset"/>
      <child_tool id="plot_multiseriesfirst" toolset_id="coreplots_toolset"/>
      <child_tool id="semilogx" toolset_id="coreplots_toolset"/>
      <child_tool id="semilogy" toolset_id="coreplots_toolset"/>
      <child_tool id="loglog" toolset_id="coreplots_toolset"/>
      <child_tool id="area" toolset_id="coreplots_toolset"/>
      <child_tool id="errorbar" toolset_id="coreplots_toolset"/>
      <child_tool id="errorbarhorz" toolset_id="coreplots_toolset"/>
      <child_tool id="plot3" toolset_id="coreplots_toolset"/>
      <child_tool id="comet" toolset_id="coreplots_toolset"/>
      <child_tool id="stackedplot" toolset_id="coreplots_toolset"/>
   </tool>
   <tool id="category_curvefit" quick_access_eligible="false" toolset_id="plot_toolset" type="group">
      <child_tool id="sfitsurface" toolset_id="curvefit_toolset"/>
      <child_tool id="sfitpredfunc" toolset_id="curvefit_toolset"/>
      <child_tool id="sfitpredobs" toolset_id="curvefit_toolset"/>
      <child_tool id="sfitresiduals" toolset_id="curvefit_toolset"/>
      <child_tool id="sfitcontour" toolset_id="curvefit_toolset"/>
      <child_tool id="cfitfit" toolset_id="curvefit_toolset"/>
      <child_tool id="cfitpredfunc" toolset_id="curvefit_toolset"/>
      <child_tool id="cfitpredobs" toolset_id="curvefit_toolset"/>
      <child_tool id="cfitresiduals" toolset_id="curvefit_toolset"/>
      <child_tool id="cfitstresiduals" toolset_id="curvefit_toolset"/>
      <child_tool id="cfitderiv1" toolset_id="curvefit_toolset"/>
      <child_tool id="cfitderiv2" toolset_id="curvefit_toolset"/>
      <child_tool id="cfitintegral" toolset_id="curvefit_toolset"/>
      <child_tool id="cftoolplot" toolset_id="curvefit_toolset"/>
   </tool>
   <tool id="category_graph" quick_access_eligible="false" toolset_id="plot_toolset" type="group">
      <child_tool id="graph" toolset_id="coreplots_toolset"/>
      <child_tool id="digraph" toolset_id="coreplots_toolset"/>
   </tool>
   <tool id="category_nonParametricModel" quick_access_eligible="false" toolset_id="plot_toolset" type="group"/>
   <tool id="category_bar" quick_access_eligible="false" toolset_id="plot_toolset" type="group">
      <child_tool id="bar" toolset_id="coreplots_toolset"/>
      <child_tool id="barh" toolset_id="coreplots_toolset"/>
      <child_tool id="bar3" toolset_id="coreplots_toolset"/>
      <child_tool id="bar3h" toolset_id="coreplots_toolset"/>
      <child_tool id="barstacked" toolset_id="coreplots_toolset"/>
      <child_tool id="barhstacked" toolset_id="coreplots_toolset"/>
      <child_tool id="histogram" toolset_id="coreplots_toolset"/>
      <child_tool id="pareto" toolset_id="coreplots_toolset"/>
      <child_tool id="plotmatrix" toolset_id="coreplots_toolset"/>
   </tool>
   <toolset id="curvefit_toolset" template="true">
      <tool id="sfitpredfunc" toolset_id="curvefit_toolset"/>
      <tool id="cfitderiv2" toolset_id="curvefit_toolset"/>
      <tool id="cfitderiv1" toolset_id="curvefit_toolset"/>
      <tool id="cfitstresiduals" toolset_id="curvefit_toolset"/>
      <tool id="sfitresiduals" toolset_id="curvefit_toolset"/>
      <tool id="cfitresiduals" toolset_id="curvefit_toolset"/>
      <tool id="cftoolplot" toolset_id="curvefit_toolset"/>
      <tool id="sfitsurface" toolset_id="curvefit_toolset"/>
      <tool id="sfitcontour" toolset_id="curvefit_toolset"/>
      <tool id="cfitintegral" toolset_id="curvefit_toolset"/>
      <tool id="cfitfit" toolset_id="curvefit_toolset"/>
      <tool id="sfitpredobs" toolset_id="curvefit_toolset"/>
      <tool id="cfitpredfunc" toolset_id="curvefit_toolset"/>
      <tool id="cfitpredobs" toolset_id="curvefit_toolset"/>
   </toolset>
   <toolset id="image_toolset" template="true">
      <tool id="imtoolplot" toolset_id="image_toolset"/>
      <tool id="implayplot" toolset_id="image_toolset"/>
   </toolset>
   <toolset id="signal_toolset" template="true">
      <tool id="pmtm" toolset_id="signal_toolset"/>
      <tool id="fvtoolpolezero" toolset_id="signal_toolset"/>
      <tool id="fvtoolimpulse" toolset_id="signal_toolset"/>
      <tool id="fvtoolstep" toolset_id="signal_toolset"/>
      <tool id="fvtoolfiltinfo" toolset_id="signal_toolset"/>
      <tool id="fvtoolphase" toolset_id="signal_toolset"/>
      <tool id="mscohere" toolset_id="signal_toolset"/>
      <tool id="strips" toolset_id="signal_toolset"/>
      <tool id="freqz" toolset_id="signal_toolset"/>
      <tool id="grpdelay" toolset_id="signal_toolset"/>
      <tool id="cpsd" toolset_id="signal_toolset"/>
      <tool id="phasez" toolset_id="signal_toolset"/>
      <tool id="impz" toolset_id="signal_toolset"/>
      <tool id="phasedelay" toolset_id="signal_toolset"/>
      <tool id="pwelch_msp" toolset_id="signal_toolset"/>
      <tool id="pburg" toolset_id="signal_toolset"/>
      <tool id="pmusic" toolset_id="signal_toolset"/>
      <tool id="pyulear" toolset_id="signal_toolset"/>
      <tool id="tfestimate" toolset_id="signal_toolset"/>
      <tool id="stepz" toolset_id="signal_toolset"/>
      <tool id="fvtoolfiltcoef" toolset_id="signal_toolset"/>
      <tool id="peig" toolset_id="signal_toolset"/>
      <tool id="freqs" toolset_id="signal_toolset"/>
      <tool id="fvtool" toolset_id="signal_toolset"/>
      <tool id="periodogram_psd" toolset_id="signal_toolset"/>
      <tool id="pwelch_psd" toolset_id="signal_toolset"/>
      <tool id="fvtoolmagphase" toolset_id="signal_toolset"/>
      <tool id="zerophase" toolset_id="signal_toolset"/>
      <tool id="zplane" toolset_id="signal_toolset"/>
      <tool id="pcov" toolset_id="signal_toolset"/>
      <tool id="pmcov" toolset_id="signal_toolset"/>
      <tool id="fvtoolmag" toolset_id="signal_toolset"/>
      <tool id="wvtool" toolset_id="signal_toolset"/>
      <tool id="spectrogram" toolset_id="signal_toolset"/>
      <tool id="fvtoolgrpdelay" toolset_id="signal_toolset"/>
      <tool id="periodogram_msp" toolset_id="signal_toolset"/>
      <tool id="fvtoolphdelay" toolset_id="signal_toolset"/>
   </toolset>
   <toolset id="stats_toolset" template="true">
      <tool id="qqplot" toolset_id="stats_toolset"/>
      <tool id="andrewsplot" toolset_id="stats_toolset"/>
      <tool id="facesglyphplot" toolset_id="stats_toolset"/>
      <tool id="residproblm" toolset_id="stats_toolset"/>
      <tool id="parallelcoords" toolset_id="stats_toolset"/>
      <tool id="glyphplot" toolset_id="stats_toolset"/>
      <tool id="ksdensity" toolset_id="stats_toolset"/>
      <tool id="gplotmatrix" toolset_id="stats_toolset"/>
      <tool id="residfittedlm" toolset_id="stats_toolset"/>
      <tool id="ecdf" toolset_id="stats_toolset"/>
      <tool id="boxplot" toolset_id="stats_toolset"/>
      <tool id="histfit" toolset_id="stats_toolset"/>
      <tool id="residhistlm" toolset_id="stats_toolset"/>
      <tool id="effects" toolset_id="stats_toolset"/>
      <tool id="gscatter" toolset_id="stats_toolset"/>
      <tool id="controlchart" toolset_id="stats_toolset"/>
      <tool id="weibull" toolset_id="stats_toolset"/>
      <tool id="hist3" toolset_id="stats_toolset"/>
      <tool id="probplot" toolset_id="stats_toolset"/>
      <tool id="scatterhist" toolset_id="stats_toolset"/>
      <tool id="slicelm" toolset_id="stats_toolset"/>
      <tool id="dendrogram" toolset_id="stats_toolset"/>
   </toolset>
   <toolset id="coreplots_toolset" template="true">
      <tool id="stem3" toolset_id="coreplots_toolset"/>
      <tool id="barstacked" toolset_id="coreplots_toolset"/>
      <tool id="feather" toolset_id="coreplots_toolset"/>
      <tool id="heatmap" toolset_id="coreplots_toolset"/>
      <tool id="meshz" toolset_id="coreplots_toolset"/>
      <tool id="ezcontour" toolset_id="coreplots_toolset"/>
      <tool id="streamslice" toolset_id="coreplots_toolset"/>
      <tool id="surfc" toolset_id="coreplots_toolset"/>
      <tool id="stairs" toolset_id="coreplots_toolset"/>
      <tool id="plot_multiseriesfirst" toolset_id="coreplots_toolset"/>
      <tool id="plot_multiseries" toolset_id="coreplots_toolset"/>
      <tool id="pie" toolset_id="coreplots_toolset"/>
      <tool id="ezsurf" toolset_id="coreplots_toolset"/>
      <tool id="geobubble" toolset_id="coreplots_toolset"/>
      <tool id="bar" toolset_id="coreplots_toolset"/>
      <tool id="pie3" toolset_id="coreplots_toolset"/>
      <tool id="digraph" toolset_id="coreplots_toolset"/>
      <tool id="slice" toolset_id="coreplots_toolset"/>
      <tool id="loglog" toolset_id="coreplots_toolset"/>
      <tool id="barh" toolset_id="coreplots_toolset"/>
      <tool id="surfl" toolset_id="coreplots_toolset"/>
      <tool id="imagesc" toolset_id="coreplots_toolset"/>
      <tool id="surf" toolset_id="coreplots_toolset"/>
      <tool id="area" toolset_id="coreplots_toolset"/>
      <tool id="streamline" toolset_id="coreplots_toolset"/>
      <tool id="image" toolset_id="coreplots_toolset"/>
      <tool id="ribbon" toolset_id="coreplots_toolset"/>
      <tool id="wordcloud" toolset_id="coreplots_toolset"/>
      <tool id="contour3" toolset_id="coreplots_toolset"/>
      <tool id="errorbarhorz" toolset_id="coreplots_toolset"/>
      <tool id="bar3" toolset_id="coreplots_toolset"/>
      <tool id="graph" toolset_id="coreplots_toolset"/>
      <tool id="plot3" toolset_id="coreplots_toolset"/>
      <tool id="histogram" toolset_id="coreplots_toolset"/>
      <tool id="compass" toolset_id="coreplots_toolset"/>
      <tool id="ezmeshc" toolset_id="coreplots_toolset"/>
      <tool id="pcolor" toolset_id="coreplots_toolset"/>
      <tool id="meshc" toolset_id="coreplots_toolset"/>
      <tool id="errorbar" toolset_id="coreplots_toolset"/>
      <tool id="ezplot3" toolset_id="coreplots_toolset"/>
      <tool id="spy" toolset_id="coreplots_toolset"/>
      <tool id="imshow" toolset_id="coreplots_toolset"/>
      <tool id="stackedplot" toolset_id="coreplots_toolset"/>
      <tool id="parallelplot" toolset_id="coreplots_toolset"/>
      <tool id="quiver" toolset_id="coreplots_toolset"/>
      <tool id="ezpolar" toolset_id="coreplots_toolset"/>
      <tool id="ezcontourf" toolset_id="coreplots_toolset"/>
      <tool id="ezplot" toolset_id="coreplots_toolset"/>
      <tool id="semilogy" toolset_id="coreplots_toolset"/>
      <tool id="plot" toolset_id="coreplots_toolset"/>
      <tool id="semilogx" toolset_id="coreplots_toolset"/>
      <tool id="geoscatter" toolset_id="coreplots_toolset"/>
      <tool id="waterfall" toolset_id="coreplots_toolset"/>
      <tool id="scatter" toolset_id="coreplots_toolset"/>
      <tool id="comet" toolset_id="coreplots_toolset"/>
      <tool id="mesh" toolset_id="coreplots_toolset"/>
      <tool id="polar" toolset_id="coreplots_toolset"/>
      <tool id="plotmatrix" toolset_id="coreplots_toolset"/>
      <tool id="ezmesh" toolset_id="coreplots_toolset"/>
      <tool id="histogram2" toolset_id="coreplots_toolset"/>
      <tool id="ezsurfc" toolset_id="coreplots_toolset"/>
      <tool id="barhstacked" toolset_id="coreplots_toolset"/>
      <tool id="scatterhistogram" toolset_id="coreplots_toolset"/>
      <tool id="contour" toolset_id="coreplots_toolset"/>
      <tool id="quiver3" toolset_id="coreplots_toolset"/>
      <tool id="pareto" toolset_id="coreplots_toolset"/>
      <tool id="contourf" toolset_id="coreplots_toolset"/>
      <tool id="bar3h" toolset_id="coreplots_toolset"/>
      <tool id="scatter3" toolset_id="coreplots_toolset"/>
      <tool id="rose" toolset_id="coreplots_toolset"/>
      <tool id="geoplot" toolset_id="coreplots_toolset"/>
      <tool id="stem" toolset_id="coreplots_toolset"/>
   </toolset>
</toolset>